x,y,label,real,raw,accuracy,confusion_matrix
0.4,0.24,0.0,0,1.178,0.992,"[[871, 5], [3, 121]]"
0.49,0.33,0.0,0,0.733,0.992,"[[871, 5], [3, 121]]"
0.68,0.87,0.0,0,0.0,0.992,"[[871, 5], [3, 121]]"
-1.0,-0.11,0.0,0,0.455,0.992,"[[871, 5], [3, 121]]"
-0.9,-0.24,0.0,0,0.626,0.992,"[[871, 5], [3, 121]]"
0.87,-0.43,0.0,0,0.733,0.992,"[[871, 5], [3, 121]]"
-0.9,-0.9,0.0,0,0.684,0.992,"[[871, 5], [3, 121]]"
0.24,0.4,0.0,0,1.212,0.992,"[[871, 5], [3, 121]]"
-0.71,-0.4,0.0,0,0.665,0.992,"[[871, 5], [3, 121]]"
-0.4,0.43,0.0,0,0.894,0.992,"[[871, 5], [3, 121]]"
-0.33,0.71,0.0,0,0.811,0.992,"[[871, 5], [3, 121]]"
0.59,-1.0,0.0,0,0.0,0.992,"[[871, 5], [3, 121]]"
0.14,-0.68,0.0,0,0.709,0.992,"[[871, 5], [3, 121]]"
-0.27,-0.9,0.0,0,0.909,0.992,"[[871, 5], [3, 121]]"
-0.81,-0.81,0.0,0,0.684,0.992,"[[871, 5], [3, 121]]"
-0.24,-0.14,1.0,1,1.843,0.992,"[[871, 5], [3, 121]]"
-0.24,0.11,1.0,1,1.975,0.992,"[[871, 5], [3, 121]]"
-0.62,0.81,0.0,0,0.513,0.992,"[[871, 5], [3, 121]]"
0.84,-0.81,0.0,0,0.0,0.992,"[[871, 5], [3, 121]]"
-0.97,-0.4,0.0,0,0.616,0.992,"[[871, 5], [3, 121]]"
0.21,0.08,1.0,1,2.072,0.992,"[[871, 5], [3, 121]]"
0.24,0.59,0.0,0,0.772,0.992,"[[871, 5], [3, 121]]"
-0.27,0.59,0.0,0,0.948,0.992,"[[871, 5], [3, 121]]"
0.46,0.21,0.0,0,1.134,0.992,"[[871, 5], [3, 121]]"
-0.24,-0.37,0.0,0,1.281,0.992,"[[871, 5], [3, 121]]"
-0.46,0.37,0.0,0,0.919,0.992,"[[871, 5], [3, 121]]"
0.17,0.71,0.0,0,0.914,0.992,"[[871, 5], [3, 121]]"
-0.21,-1.0,0.0,0,0.885,0.992,"[[871, 5], [3, 121]]"
-0.59,0.14,0.0,0,1.129,0.992,"[[871, 5], [3, 121]]"
-0.75,0.43,0.0,0,0.562,0.992,"[[871, 5], [3, 121]]"
-0.71,0.3,0.0,0,0.699,0.992,"[[871, 5], [3, 121]]"
-0.37,-0.94,0.0,0,0.767,0.992,"[[871, 5], [3, 121]]"
0.62,0.05,0.0,0,1.139,0.992,"[[871, 5], [3, 121]]"
-0.49,-0.62,0.0,0,0.762,0.992,"[[871, 5], [3, 121]]"
0.62,-0.52,0.0,0,0.313,0.992,"[[871, 5], [3, 121]]"
-0.84,0.71,0.0,0,0.479,0.992,"[[871, 5], [3, 121]]"
0.97,0.05,0.0,0,1.061,0.992,"[[871, 5], [3, 121]]"
-0.52,-0.27,0.0,0,0.943,0.992,"[[871, 5], [3, 121]]"
0.49,-0.62,0.0,0,0.024,0.992,"[[871, 5], [3, 121]]"
-1.0,-0.84,0.0,0,0.674,0.992,"[[871, 5], [3, 121]]"
-0.43,0.21,0.0,0,1.334,0.992,"[[871, 5], [3, 121]]"
0.11,-0.97,0.0,0,0.645,0.992,"[[871, 5], [3, 121]]"
-0.24,-0.68,0.0,0,0.953,0.992,"[[871, 5], [3, 121]]"
0.56,-0.81,0.0,0,0.0,0.992,"[[871, 5], [3, 121]]"
0.62,0.94,0.0,0,0.0,0.992,"[[871, 5], [3, 121]]"
-0.08,-0.81,0.0,0,0.938,0.992,"[[871, 5], [3, 121]]"
-0.4,0.21,0.0,0,1.417,0.992,"[[871, 5], [3, 121]]"
-0.4,0.21,0.0,0,1.413,0.992,"[[871, 5], [3, 121]]"
-0.56,-0.65,0.0,0,0.733,0.992,"[[871, 5], [3, 121]]"
0.24,0.59,0.0,0,0.787,0.992,"[[871, 5], [3, 121]]"
0.02,-0.33,1.0,1,1.711,0.992,"[[871, 5], [3, 121]]"
-0.97,0.97,0.0,0,0.406,0.992,"[[871, 5], [3, 121]]"
-0.71,0.59,0.0,0,0.523,0.992,"[[871, 5], [3, 121]]"
0.81,0.59,0.0,0,0.0,0.992,"[[871, 5], [3, 121]]"
1.0,0.62,0.0,0,0.0,0.992,"[[871, 5], [3, 121]]"
0.02,-0.94,0.0,0,0.836,0.992,"[[871, 5], [3, 121]]"
-0.02,-0.62,0.0,0,1.051,0.992,"[[871, 5], [3, 121]]"
-0.68,-0.08,0.0,0,0.973,0.992,"[[871, 5], [3, 121]]"
0.65,-0.71,0.0,0,0.0,0.992,"[[871, 5], [3, 121]]"
-0.27,0.62,0.0,0,0.929,0.992,"[[871, 5], [3, 121]]"
0.11,-0.75,0.0,0,0.684,0.992,"[[871, 5], [3, 121]]"
0.97,-0.84,0.0,0,0.0,0.992,"[[871, 5], [3, 121]]"
-0.65,0.65,0.0,0,0.513,0.992,"[[871, 5], [3, 121]]"
0.59,0.68,0.0,0,0.0,0.992,"[[871, 5], [3, 121]]"
0.75,0.37,0.0,0,0.459,0.992,"[[871, 5], [3, 121]]"
-0.11,-0.97,0.0,0,0.978,0.992,"[[871, 5], [3, 121]]"
0.08,0.37,1.0,1,1.647,0.992,"[[871, 5], [3, 121]]"
-1.0,-0.52,0.0,0,0.64,0.992,"[[871, 5], [3, 121]]"
-1.0,0.97,0.0,0,0.415,0.992,"[[871, 5], [3, 121]]"
0.14,-0.62,0.0,0,0.758,0.992,"[[871, 5], [3, 121]]"
0.68,0.49,0.0,0,0.093,0.992,"[[871, 5], [3, 121]]"
-0.84,-0.62,0.0,0,0.665,0.992,"[[871, 5], [3, 121]]"
0.21,-0.33,0.0,0,1.408,0.992,"[[871, 5], [3, 121]]"
0.27,0.78,0.0,0,0.562,0.992,"[[871, 5], [3, 121]]"
0.65,-0.43,0.0,0,0.543,0.992,"[[871, 5], [3, 121]]"
-0.46,-0.21,0.0,0,1.158,0.992,"[[871, 5], [3, 121]]"
-0.52,-0.59,0.0,0,0.753,0.992,"[[871, 5], [3, 121]]"
-0.87,-0.05,0.0,0,0.64,0.992,"[[871, 5], [3, 121]]"
0.3,-0.11,1.0,1,1.73,0.992,"[[871, 5], [3, 121]]"
0.33,0.4,0.0,0,0.87,0.992,"[[871, 5], [3, 121]]"
0.84,0.3,0.0,0,0.699,0.992,"[[871, 5], [3, 121]]"
-0.02,-0.33,1.0,1,1.691,0.992,"[[871, 5], [3, 121]]"
0.78,-0.81,0.0,0,0.0,0.992,"[[871, 5], [3, 121]]"
-0.97,0.14,0.0,0,0.42,0.992,"[[871, 5], [3, 121]]"
-0.97,0.52,0.0,0,0.415,0.992,"[[871, 5], [3, 121]]"
0.24,0.27,0.0,1,1.618,0.992,"[[871, 5], [3, 121]]"
0.3,-0.17,1.0,1,1.628,0.992,"[[871, 5], [3, 121]]"
0.81,-0.05,0.0,0,1.085,0.992,"[[871, 5], [3, 121]]"
0.11,-0.84,0.0,0,0.689,0.992,"[[871, 5], [3, 121]]"
0.21,-0.52,0.0,0,0.821,0.992,"[[871, 5], [3, 121]]"
0.75,1.0,0.0,0,0.0,0.992,"[[871, 5], [3, 121]]"
-0.65,0.17,0.0,0,1.007,0.992,"[[871, 5], [3, 121]]"
0.46,0.17,0.0,0,1.217,0.992,"[[871, 5], [3, 121]]"
-0.43,0.87,0.0,0,0.699,0.992,"[[871, 5], [3, 121]]"
-0.14,0.56,0.0,0,1.188,0.992,"[[871, 5], [3, 121]]"
-1.0,-0.02,0.0,0,0.425,0.992,"[[871, 5], [3, 121]]"
-0.56,0.02,0.0,0,1.295,0.992,"[[871, 5], [3, 121]]"
0.11,0.52,0.0,0,1.207,0.992,"[[871, 5], [3, 121]]"
0.68,-0.49,0.0,0,0.376,0.992,"[[871, 5], [3, 121]]"
-0.62,0.02,0.0,0,1.163,0.992,"[[871, 5], [3, 121]]"
0.81,0.97,0.0,0,0.0,0.992,"[[871, 5], [3, 121]]"
0.33,-0.68,0.0,0,0.073,0.992,"[[871, 5], [3, 121]]"
-0.37,-0.62,0.0,0,0.826,0.992,"[[871, 5], [3, 121]]"
-0.65,-0.08,0.0,0,1.026,0.992,"[[871, 5], [3, 121]]"
-0.87,-1.0,0.0,0,0.684,0.992,"[[871, 5], [3, 121]]"
-0.81,-0.08,0.0,0,0.748,0.992,"[[871, 5], [3, 121]]"
-0.87,-0.17,0.0,0,0.635,0.992,"[[871, 5], [3, 121]]"
0.49,0.24,0.0,0,0.973,0.992,"[[871, 5], [3, 121]]"
1.0,-0.3,0.0,0,1.012,0.992,"[[871, 5], [3, 121]]"
0.65,-0.4,0.0,0,0.684,0.992,"[[871, 5], [3, 121]]"
-0.9,-0.84,0.0,0,0.679,0.992,"[[871, 5], [3, 121]]"
-0.62,0.14,0.0,0,1.085,0.992,"[[871, 5], [3, 121]]"
0.14,-0.4,0.0,0,1.349,0.992,"[[871, 5], [3, 121]]"
0.65,1.0,0.0,0,0.0,0.992,"[[871, 5], [3, 121]]"
0.27,0.14,1.0,1,1.808,0.992,"[[871, 5], [3, 121]]"
-0.56,-0.84,0.0,0,0.718,0.992,"[[871, 5], [3, 121]]"
-0.52,-0.11,0.0,0,1.232,0.992,"[[871, 5], [3, 121]]"
-0.37,-0.62,0.0,0,0.836,0.992,"[[871, 5], [3, 121]]"
0.11,-0.17,1.0,1,2.136,0.992,"[[871, 5], [3, 121]]"
0.84,0.56,0.0,0,0.0,0.992,"[[871, 5], [3, 121]]"
-0.27,-0.4,0.0,0,1.163,0.992,"[[871, 5], [3, 121]]"
-0.52,-0.62,0.0,0,0.758,0.992,"[[871, 5], [3, 121]]"
-0.59,0.21,0.0,0,1.017,0.992,"[[871, 5], [3, 121]]"
0.68,-0.78,0.0,0,0.0,0.992,"[[871, 5], [3, 121]]"
-0.33,0.65,0.0,0,0.821,0.992,"[[871, 5], [3, 121]]"
0.52,-0.49,0.0,0,0.337,0.992,"[[871, 5], [3, 121]]"
0.56,-0.08,0.0,0,1.197,0.992,"[[871, 5], [3, 121]]"
-0.84,-1.0,0.0,0,0.684,0.992,"[[871, 5], [3, 121]]"
0.3,-0.27,0.0,0,1.388,0.992,"[[871, 5], [3, 121]]"
0.11,-0.52,0.0,0,1.061,0.992,"[[871, 5], [3, 121]]"
-1.0,-0.68,0.0,0,0.684,0.992,"[[871, 5], [3, 121]]"
-0.02,0.9,0.0,0,1.139,0.992,"[[871, 5], [3, 121]]"
-0.84,-0.9,0.0,0,0.635,0.992,"[[871, 5], [3, 121]]"
-0.05,0.94,0.0,0,1.144,0.992,"[[871, 5], [3, 121]]"
-1.0,-0.9,0.0,0,0.645,0.992,"[[871, 5], [3, 121]]"
0.56,-0.49,0.0,0,0.352,0.992,"[[871, 5], [3, 121]]"
0.59,0.52,0.0,0,0.005,0.992,"[[871, 5], [3, 121]]"
0.14,-0.71,0.0,0,0.606,0.992,"[[871, 5], [3, 121]]"
0.08,-0.37,1.0,1,1.525,0.992,"[[871, 5], [3, 121]]"
0.52,0.65,0.0,0,0.0,0.992,"[[871, 5], [3, 121]]"
-0.08,0.17,1.0,1,2.17,0.992,"[[871, 5], [3, 121]]"
-0.9,1.0,0.0,0,0.464,0.992,"[[871, 5], [3, 121]]"
0.08,0.78,0.0,0,1.07,0.992,"[[871, 5], [3, 121]]"
0.33,0.97,0.0,0,0.342,0.992,"[[871, 5], [3, 121]]"
-0.59,0.78,0.0,0,0.543,0.992,"[[871, 5], [3, 121]]"
0.52,0.52,0.0,0,0.068,0.992,"[[871, 5], [3, 121]]"
0.24,-0.46,0.0,0,0.938,0.992,"[[871, 5], [3, 121]]"
-0.33,0.68,0.0,0,0.821,0.992,"[[871, 5], [3, 121]]"
-0.71,0.81,0.0,0,0.499,0.992,"[[871, 5], [3, 121]]"
1.0,-0.71,0.0,0,0.0,0.992,"[[871, 5], [3, 121]]"
-1.0,0.4,0.0,0,0.367,0.992,"[[871, 5], [3, 121]]"
-0.68,0.97,0.0,0,0.499,0.992,"[[871, 5], [3, 121]]"
0.59,-0.52,0.0,0,0.088,0.992,"[[871, 5], [3, 121]]"
0.37,0.21,0.0,0,1.339,0.992,"[[871, 5], [3, 121]]"
0.84,-0.56,0.0,0,0.352,0.992,"[[871, 5], [3, 121]]"
1.0,0.05,0.0,0,1.07,0.992,"[[871, 5], [3, 121]]"
-0.27,-0.87,0.0,0,0.904,0.992,"[[871, 5], [3, 121]]"
0.87,-0.49,0.0,0,0.587,0.992,"[[871, 5], [3, 121]]"
-0.94,0.14,0.0,0,0.499,0.992,"[[871, 5], [3, 121]]"
0.81,-0.78,0.0,0,0.0,0.992,"[[871, 5], [3, 121]]"
0.08,0.97,0.0,0,1.095,0.992,"[[871, 5], [3, 121]]"
0.97,-0.27,0.0,0,1.017,0.992,"[[871, 5], [3, 121]]"
0.11,-0.14,1.0,1,2.155,0.992,"[[871, 5], [3, 121]]"
-0.05,0.46,0.0,0,1.383,0.992,"[[871, 5], [3, 121]]"
0.87,-0.78,0.0,0,0.0,0.992,"[[871, 5], [3, 121]]"
-0.9,0.94,0.0,0,0.42,0.992,"[[871, 5], [3, 121]]"
-0.43,-0.3,0.0,0,1.017,0.992,"[[871, 5], [3, 121]]"
0.46,0.08,0.0,0,1.325,0.992,"[[871, 5], [3, 121]]"
0.11,-0.05,1.0,1,2.317,0.992,"[[871, 5], [3, 121]]"
-0.37,0.71,0.0,0,0.738,0.992,"[[871, 5], [3, 121]]"
-0.46,-0.49,0.0,0,0.738,0.992,"[[871, 5], [3, 121]]"
0.59,-0.14,0.0,0,1.158,0.992,"[[871, 5], [3, 121]]"
-0.14,0.49,0.0,0,1.295,0.992,"[[871, 5], [3, 121]]"
-0.56,0.49,0.0,0,0.665,0.992,"[[871, 5], [3, 121]]"
0.3,0.59,0.0,0,0.577,0.992,"[[871, 5], [3, 121]]"
0.84,-0.65,0.0,0,0.0,0.992,"[[871, 5], [3, 121]]"
-0.97,-0.27,0.0,0,0.543,0.992,"[[871, 5], [3, 121]]"
0.14,-0.56,0.0,0,0.919,0.992,"[[871, 5], [3, 121]]"
-0.68,0.24,0.0,0,0.841,0.992,"[[871, 5], [3, 121]]"
-0.3,-0.05,1.0,1,1.857,0.992,"[[871, 5], [3, 121]]"
0.37,-0.17,0.0,0,1.432,0.992,"[[871, 5], [3, 121]]"
0.27,0.08,1.0,1,1.872,0.992,"[[871, 5], [3, 121]]"
-0.65,0.71,0.0,0,0.484,0.992,"[[871, 5], [3, 121]]"
-0.94,-0.46,0.0,0,0.606,0.992,"[[871, 5], [3, 121]]"
0.62,0.11,0.0,0,1.114,0.992,"[[871, 5], [3, 121]]"
-0.49,-0.78,0.0,0,0.758,0.992,"[[871, 5], [3, 121]]"
0.02,0.43,1.0,0,1.496,0.992,"[[871, 5], [3, 121]]"
0.71,0.87,0.0,0,0.0,0.992,"[[871, 5], [3, 121]]"
-1.0,0.52,0.0,0,0.411,0.992,"[[871, 5], [3, 121]]"
0.21,0.17,1.0,1,1.955,0.992,"[[871, 5], [3, 121]]"
-0.4,-0.87,0.0,0,0.797,0.992,"[[871, 5], [3, 121]]"
0.46,0.68,0.0,0,0.0,0.992,"[[871, 5], [3, 121]]"
0.33,-0.59,0.0,0,0.093,0.992,"[[871, 5], [3, 121]]"
0.62,0.17,0.0,0,1.002,0.992,"[[871, 5], [3, 121]]"
0.78,-0.4,0.0,0,0.728,0.992,"[[871, 5], [3, 121]]"
0.9,0.37,0.0,0,0.562,0.992,"[[871, 5], [3, 121]]"
0.27,-0.75,0.0,0,0.093,0.992,"[[871, 5], [3, 121]]"
-0.59,0.02,0.0,0,1.207,0.992,"[[871, 5], [3, 121]]"
-0.05,-0.46,0.0,0,1.32,0.992,"[[871, 5], [3, 121]]"
-0.24,-0.84,0.0,0,0.929,0.992,"[[871, 5], [3, 121]]"
0.94,0.9,0.0,0,0.0,0.992,"[[871, 5], [3, 121]]"
-0.94,0.14,0.0,0,0.499,0.992,"[[871, 5], [3, 121]]"
-0.9,-0.97,0.0,0,0.674,0.992,"[[871, 5], [3, 121]]"
-0.05,0.94,0.0,0,1.149,0.992,"[[871, 5], [3, 121]]"
0.08,-0.08,1.0,1,2.322,0.992,"[[871, 5], [3, 121]]"
0.37,-0.84,0.0,0,0.0,0.992,"[[871, 5], [3, 121]]"
-0.59,-0.49,0.0,0,0.733,0.992,"[[871, 5], [3, 121]]"
0.52,0.21,0.0,0,1.017,0.992,"[[871, 5], [3, 121]]"
0.27,0.78,0.0,0,0.562,0.992,"[[871, 5], [3, 121]]"
-0.75,0.27,0.0,0,0.684,0.992,"[[871, 5], [3, 121]]"
-0.4,-0.3,0.0,0,1.1,0.992,"[[871, 5], [3, 121]]"
-0.02,-0.05,1.0,1,2.39,0.992,"[[871, 5], [3, 121]]"
-0.75,1.0,0.0,0,0.479,0.992,"[[871, 5], [3, 121]]"
-0.17,-0.4,0.0,0,1.315,0.992,"[[871, 5], [3, 121]]"
-0.94,-0.87,0.0,0,0.679,0.992,"[[871, 5], [3, 121]]"
0.78,-0.37,0.0,0,0.811,0.992,"[[871, 5], [3, 121]]"
0.65,0.33,0.0,0,0.591,0.992,"[[871, 5], [3, 121]]"
-0.9,-0.68,0.0,0,0.684,0.992,"[[871, 5], [3, 121]]"
0.4,0.87,0.0,0,0.088,0.992,"[[871, 5], [3, 121]]"
0.94,-0.9,0.0,0,0.0,0.992,"[[871, 5], [3, 121]]"
-0.56,-0.3,0.0,0,0.87,0.992,"[[871, 5], [3, 121]]"
0.02,0.9,0.0,0,1.119,0.992,"[[871, 5], [3, 121]]"
-0.87,0.17,0.0,0,0.611,0.992,"[[871, 5], [3, 121]]"
-0.9,0.84,0.0,0,0.44,0.992,"[[871, 5], [3, 121]]"
0.43,-0.08,0.0,0,1.437,0.992,"[[871, 5], [3, 121]]"
-0.65,0.3,0.0,0,0.782,0.992,"[[871, 5], [3, 121]]"
0.9,0.27,0.0,0,0.782,0.992,"[[871, 5], [3, 121]]"
-0.3,0.9,0.0,0,0.88,0.992,"[[871, 5], [3, 121]]"
-0.59,-0.46,0.0,0,0.684,0.992,"[[871, 5], [3, 121]]"
0.81,0.62,0.0,0,0.0,0.992,"[[871, 5], [3, 121]]"
0.43,0.27,0.0,0,1.041,0.992,"[[871, 5], [3, 121]]"
-0.65,0.87,0.0,0,0.523,0.992,"[[871, 5], [3, 121]]"
0.78,0.33,0.0,0,0.582,0.992,"[[871, 5], [3, 121]]"
-0.49,-0.05,0.0,0,1.398,0.992,"[[871, 5], [3, 121]]"
-0.24,-0.08,1.0,1,1.965,0.992,"[[871, 5], [3, 121]]"
-0.08,0.05,1.0,1,2.366,0.992,"[[871, 5], [3, 121]]"
-0.33,-0.05,1.0,1,1.769,0.992,"[[871, 5], [3, 121]]"
0.46,0.46,0.0,0,0.347,0.992,"[[871, 5], [3, 121]]"
-0.21,0.17,1.0,1,1.935,0.992,"[[871, 5], [3, 121]]"
-0.49,0.97,0.0,0,0.616,0.992,"[[871, 5], [3, 121]]"
0.9,-0.24,0.0,0,1.012,0.992,"[[871, 5], [3, 121]]"
0.81,-0.49,0.0,0,0.543,0.992,"[[871, 5], [3, 121]]"
0.71,0.11,0.0,0,1.036,0.992,"[[871, 5], [3, 121]]"
0.68,0.24,0.0,0,0.826,0.992,"[[871, 5], [3, 121]]"
0.94,-0.08,0.0,0,1.105,0.992,"[[871, 5], [3, 121]]"
-0.4,0.9,0.0,0,0.728,0.992,"[[871, 5], [3, 121]]"
0.05,-0.97,0.0,0,0.758,0.992,"[[871, 5], [3, 121]]"
0.27,-0.27,0.0,0,1.491,0.992,"[[871, 5], [3, 121]]"
0.02,-0.75,0.0,0,0.924,0.992,"[[871, 5], [3, 121]]"
0.14,-1.0,0.0,0,0.567,0.992,"[[871, 5], [3, 121]]"
0.87,-0.27,0.0,0,1.012,0.992,"[[871, 5], [3, 121]]"
0.87,0.17,0.0,0,0.973,0.992,"[[871, 5], [3, 121]]"
0.81,0.49,0.0,0,0.093,0.992,"[[871, 5], [3, 121]]"
-0.81,1.0,0.0,0,0.474,0.992,"[[871, 5], [3, 121]]"
-0.33,-0.17,0.0,1,1.549,0.992,"[[871, 5], [3, 121]]"
-0.02,-0.21,1.0,1,2.063,0.992,"[[871, 5], [3, 121]]"
-0.59,-0.21,0.0,0,0.929,0.992,"[[871, 5], [3, 121]]"
-0.78,-0.81,0.0,0,0.689,0.992,"[[871, 5], [3, 121]]"
0.78,-0.24,0.0,0,1.012,0.992,"[[871, 5], [3, 121]]"
-0.24,0.75,0.0,0,0.924,0.992,"[[871, 5], [3, 121]]"
-0.52,-0.52,0.0,0,0.718,0.992,"[[871, 5], [3, 121]]"
0.3,0.17,1.0,1,1.657,0.992,"[[871, 5], [3, 121]]"
-0.43,0.3,0.0,0,1.1,0.992,"[[871, 5], [3, 121]]"
0.27,-0.46,0.0,0,0.85,0.992,"[[871, 5], [3, 121]]"
0.71,-0.49,0.0,0,0.459,0.992,"[[871, 5], [3, 121]]"
-0.52,0.52,0.0,0,0.665,0.992,"[[871, 5], [3, 121]]"
-0.65,0.37,0.0,0,0.67,0.992,"[[871, 5], [3, 121]]"
0.21,0.46,0.0,0,1.124,0.992,"[[871, 5], [3, 121]]"
0.49,-0.84,0.0,0,0.0,0.992,"[[871, 5], [3, 121]]"
-0.08,0.71,0.0,0,1.168,0.992,"[[871, 5], [3, 121]]"
0.81,-0.4,0.0,0,0.728,0.992,"[[871, 5], [3, 121]]"
-0.97,0.49,0.0,0,0.415,0.992,"[[871, 5], [3, 121]]"
-0.02,-0.3,1.0,1,1.774,0.992,"[[871, 5], [3, 121]]"
0.71,0.43,0.0,0,0.283,0.992,"[[871, 5], [3, 121]]"
0.4,-0.65,0.0,0,0.0,0.992,"[[871, 5], [3, 121]]"
-0.24,-0.65,0.0,0,0.948,0.992,"[[871, 5], [3, 121]]"
0.94,0.05,0.0,0,1.08,0.992,"[[871, 5], [3, 121]]"
-0.24,-0.78,0.0,0,0.943,0.992,"[[871, 5], [3, 121]]"
-0.9,0.75,0.0,0,0.44,0.992,"[[871, 5], [3, 121]]"
-0.43,-0.17,0.0,0,1.295,0.992,"[[871, 5], [3, 121]]"
0.49,0.52,0.0,0,0.142,0.992,"[[871, 5], [3, 121]]"
-0.9,-0.78,0.0,0,0.65,0.992,"[[871, 5], [3, 121]]"
0.33,0.49,0.0,0,0.64,0.992,"[[871, 5], [3, 121]]"
-0.62,0.71,0.0,0,0.523,0.992,"[[871, 5], [3, 121]]"
0.21,0.02,1.0,1,2.107,0.992,"[[871, 5], [3, 121]]"
0.11,0.14,1.0,1,2.17,0.992,"[[871, 5], [3, 121]]"
-0.3,-0.43,0.0,0,1.046,0.992,"[[871, 5], [3, 121]]"
0.97,-0.27,0.0,0,1.036,0.992,"[[871, 5], [3, 121]]"
0.94,-0.33,0.0,0,0.963,0.992,"[[871, 5], [3, 121]]"
-0.84,0.97,0.0,0,0.44,0.992,"[[871, 5], [3, 121]]"
-0.27,-0.94,0.0,0,0.87,0.992,"[[871, 5], [3, 121]]"
0.37,-0.75,0.0,0,0.0,0.992,"[[871, 5], [3, 121]]"
0.02,-0.68,0.0,0,0.948,0.992,"[[871, 5], [3, 121]]"
-0.65,-0.84,0.0,0,0.709,0.992,"[[871, 5], [3, 121]]"
0.27,0.21,1.0,1,1.652,0.992,"[[871, 5], [3, 121]]"
-0.37,0.21,0.0,0,1.422,0.992,"[[871, 5], [3, 121]]"
-0.68,0.14,0.0,0,0.953,0.992,"[[871, 5], [3, 121]]"
0.71,-0.97,0.0,0,0.0,0.992,"[[871, 5], [3, 121]]"
0.37,0.68,0.0,0,0.215,0.992,"[[871, 5], [3, 121]]"
0.17,0.87,0.0,0,0.919,0.992,"[[871, 5], [3, 121]]"
0.94,0.14,0.0,0,0.992,0.992,"[[871, 5], [3, 121]]"
-0.11,-0.84,0.0,0,0.978,0.992,"[[871, 5], [3, 121]]"
0.49,-0.84,0.0,0,0.0,0.992,"[[871, 5], [3, 121]]"
0.27,0.21,1.0,1,1.647,0.992,"[[871, 5], [3, 121]]"
-0.94,0.11,0.0,0,0.464,0.992,"[[871, 5], [3, 121]]"
-0.14,-0.24,1.0,1,1.828,0.992,"[[871, 5], [3, 121]]"
-0.4,0.56,0.0,0,0.758,0.992,"[[871, 5], [3, 121]]"
-0.21,-0.52,0.0,0,1.041,0.992,"[[871, 5], [3, 121]]"
-0.27,-0.37,0.0,0,1.207,0.992,"[[871, 5], [3, 121]]"
0.68,0.59,0.0,0,0.0,0.992,"[[871, 5], [3, 121]]"
0.62,-0.71,0.0,0,0.0,0.992,"[[871, 5], [3, 121]]"
0.46,0.75,0.0,0,0.0,0.992,"[[871, 5], [3, 121]]"
-0.37,-0.87,0.0,0,0.772,0.992,"[[871, 5], [3, 121]]"
0.68,0.56,0.0,0,0.0,0.992,"[[871, 5], [3, 121]]"
-0.08,-0.24,1.0,1,1.891,0.992,"[[871, 5], [3, 121]]"
-0.9,-0.05,0.0,0,0.611,0.992,"[[871, 5], [3, 121]]"
0.11,-0.94,0.0,0,0.674,0.992,"[[871, 5], [3, 121]]"
0.24,-0.4,0.0,0,1.105,0.992,"[[871, 5], [3, 121]]"
-0.71,-0.9,0.0,0,0.704,0.992,"[[871, 5], [3, 121]]"
-0.71,-0.59,0.0,0,0.709,0.992,"[[871, 5], [3, 121]]"
0.3,-0.65,0.0,0,0.283,0.992,"[[871, 5], [3, 121]]"
-0.27,-0.59,0.0,0,0.929,0.992,"[[871, 5], [3, 121]]"
-0.9,0.14,0.0,0,0.552,0.992,"[[871, 5], [3, 121]]"
0.46,-0.46,0.0,0,0.494,0.992,"[[871, 5], [3, 121]]"
-0.17,-0.17,1.0,1,1.965,0.992,"[[871, 5], [3, 121]]"
0.59,-0.81,0.0,0,0.0,0.992,"[[871, 5], [3, 121]]"
0.4,0.49,0.0,0,0.44,0.992,"[[871, 5], [3, 121]]"
-0.9,0.08,0.0,0,0.582,0.992,"[[871, 5], [3, 121]]"
-0.02,-0.33,1.0,1,1.701,0.992,"[[871, 5], [3, 121]]"
-0.71,-0.37,0.0,0,0.665,0.992,"[[871, 5], [3, 121]]"
-0.68,0.33,0.0,0,0.718,0.992,"[[871, 5], [3, 121]]"
-0.14,0.84,0.0,0,1.085,0.992,"[[871, 5], [3, 121]]"
0.43,0.81,0.0,0,0.0,0.992,"[[871, 5], [3, 121]]"
-0.78,-0.46,0.0,0,0.621,0.992,"[[871, 5], [3, 121]]"
0.24,0.17,1.0,1,1.848,0.992,"[[871, 5], [3, 121]]"
0.94,-0.21,0.0,0,1.075,0.992,"[[871, 5], [3, 121]]"
-0.33,0.65,0.0,0,0.826,0.992,"[[871, 5], [3, 121]]"
0.05,-0.33,1.0,1,1.706,0.992,"[[871, 5], [3, 121]]"
0.4,0.75,0.0,0,0.093,0.992,"[[871, 5], [3, 121]]"
0.08,0.14,1.0,1,2.263,0.992,"[[871, 5], [3, 121]]"
0.08,-0.87,0.0,0,0.733,0.992,"[[871, 5], [3, 121]]"
-0.24,0.49,0.0,0,1.09,0.992,"[[871, 5], [3, 121]]"
0.05,0.08,1.0,1,2.38,0.992,"[[871, 5], [3, 121]]"
-0.84,-0.65,0.0,0,0.67,0.992,"[[871, 5], [3, 121]]"
0.27,0.08,1.0,1,1.867,0.992,"[[871, 5], [3, 121]]"
1.0,0.05,0.0,0,1.065,0.992,"[[871, 5], [3, 121]]"
0.14,0.46,0.0,0,1.276,0.992,"[[871, 5], [3, 121]]"
-1.0,-0.4,0.0,0,0.591,0.992,"[[871, 5], [3, 121]]"
-0.65,0.52,0.0,0,0.572,0.992,"[[871, 5], [3, 121]]"
0.08,-0.65,0.0,0,0.855,0.992,"[[871, 5], [3, 121]]"
-0.84,0.05,0.0,0,0.689,0.992,"[[871, 5], [3, 121]]"
0.97,-0.21,0.0,0,1.09,0.992,"[[871, 5], [3, 121]]"
0.68,0.05,0.0,0,1.124,0.992,"[[871, 5], [3, 121]]"
0.97,-0.02,0.0,0,1.105,0.992,"[[871, 5], [3, 121]]"
-0.49,0.43,0.0,0,0.787,0.992,"[[871, 5], [3, 121]]"
0.97,-0.81,0.0,0,0.0,0.992,"[[871, 5], [3, 121]]"
-0.75,-0.21,0.0,0,0.772,0.992,"[[871, 5], [3, 121]]"
0.94,-0.24,0.0,0,1.056,0.992,"[[871, 5], [3, 121]]"
-0.97,0.43,0.0,0,0.411,0.992,"[[871, 5], [3, 121]]"
-0.46,0.21,0.0,0,1.295,0.992,"[[871, 5], [3, 121]]"
0.52,0.62,0.0,0,0.0,0.992,"[[871, 5], [3, 121]]"
0.11,-0.49,0.0,0,1.129,0.992,"[[871, 5], [3, 121]]"
0.78,-0.27,0.0,0,0.992,0.992,"[[871, 5], [3, 121]]"
-0.14,-0.17,1.0,1,2.023,0.992,"[[871, 5], [3, 121]]"
0.27,-0.9,0.0,0,0.093,0.992,"[[871, 5], [3, 121]]"
0.65,-0.17,0.0,0,1.08,0.992,"[[871, 5], [3, 121]]"
0.14,0.46,0.0,0,1.281,0.992,"[[871, 5], [3, 121]]"
0.52,0.84,0.0,0,0.0,0.992,"[[871, 5], [3, 121]]"
-0.21,-0.08,1.0,1,2.072,0.992,"[[871, 5], [3, 121]]"
-0.9,-0.94,0.0,0,0.674,0.992,"[[871, 5], [3, 121]]"
0.24,-0.84,0.0,0,0.269,0.992,"[[871, 5], [3, 121]]"
0.9,0.81,0.0,0,0.0,0.992,"[[871, 5], [3, 121]]"
0.11,-0.78,0.0,0,0.684,0.992,"[[871, 5], [3, 121]]"
0.59,-0.52,0.0,0,0.288,0.992,"[[871, 5], [3, 121]]"
-0.05,-0.56,0.0,0,1.149,0.992,"[[871, 5], [3, 121]]"
-0.08,0.11,1.0,1,2.278,0.992,"[[871, 5], [3, 121]]"
0.56,0.65,0.0,0,0.0,0.992,"[[871, 5], [3, 121]]"
0.05,0.24,1.0,1,2.028,0.992,"[[871, 5], [3, 121]]"
-0.43,0.71,0.0,0,0.665,0.992,"[[871, 5], [3, 121]]"
-0.46,-0.78,0.0,0,0.714,0.992,"[[871, 5], [3, 121]]"
-0.08,0.62,0.0,0,1.193,0.992,"[[871, 5], [3, 121]]"
-0.37,0.21,0.0,0,1.437,0.992,"[[871, 5], [3, 121]]"
0.94,0.81,0.0,0,0.0,0.992,"[[871, 5], [3, 121]]"
-0.94,0.62,0.0,0,0.45,0.992,"[[871, 5], [3, 121]]"
-0.84,-0.08,0.0,0,0.66,0.992,"[[871, 5], [3, 121]]"
0.17,0.75,0.0,0,0.909,0.992,"[[871, 5], [3, 121]]"
-0.62,0.56,0.0,0,0.572,0.992,"[[871, 5], [3, 121]]"
0.4,-0.65,0.0,0,0.0,0.992,"[[871, 5], [3, 121]]"
0.68,-0.9,0.0,0,0.0,0.992,"[[871, 5], [3, 121]]"
0.94,-0.59,0.0,0,0.362,0.992,"[[871, 5], [3, 121]]"
-0.94,0.84,0.0,0,0.415,0.992,"[[871, 5], [3, 121]]"
0.49,0.75,0.0,0,0.0,0.992,"[[871, 5], [3, 121]]"
-0.14,-0.24,1.0,1,1.828,0.992,"[[871, 5], [3, 121]]"
-0.33,0.87,0.0,0,0.802,0.992,"[[871, 5], [3, 121]]"
0.24,0.9,0.0,0,0.665,0.992,"[[871, 5], [3, 121]]"
0.24,0.78,0.0,0,0.689,0.992,"[[871, 5], [3, 121]]"
-0.65,-0.87,0.0,0,0.665,0.992,"[[871, 5], [3, 121]]"
-0.3,0.68,0.0,0,0.846,0.992,"[[871, 5], [3, 121]]"
-0.05,0.62,0.0,0,1.212,0.992,"[[871, 5], [3, 121]]"
-0.46,-0.3,0.0,0,0.973,0.992,"[[871, 5], [3, 121]]"
-0.81,0.81,0.0,0,0.464,0.992,"[[871, 5], [3, 121]]"
-0.78,-0.08,0.0,0,0.811,0.992,"[[871, 5], [3, 121]]"
-0.43,0.21,0.0,0,1.329,0.992,"[[871, 5], [3, 121]]"
-0.11,-0.65,0.0,0,1.022,0.992,"[[871, 5], [3, 121]]"
0.37,-0.56,0.0,0,0.308,0.992,"[[871, 5], [3, 121]]"
-0.4,-0.43,0.0,0,0.938,0.992,"[[871, 5], [3, 121]]"
0.56,-0.21,0.0,0,1.124,0.992,"[[871, 5], [3, 121]]"
0.3,0.4,0.0,0,1.012,0.992,"[[871, 5], [3, 121]]"
-0.08,-0.9,0.0,0,0.973,0.992,"[[871, 5], [3, 121]]"
0.46,0.17,0.0,0,1.202,0.992,"[[871, 5], [3, 121]]"
-0.33,-0.78,0.0,0,0.86,0.992,"[[871, 5], [3, 121]]"
-0.71,-0.08,0.0,0,0.929,0.992,"[[871, 5], [3, 121]]"
-0.21,-0.56,0.0,0,1.026,0.992,"[[871, 5], [3, 121]]"
0.59,-0.65,0.0,0,0.0,0.992,"[[871, 5], [3, 121]]"
0.02,-0.71,0.0,0,0.929,0.992,"[[871, 5], [3, 121]]"
-0.14,-0.65,0.0,0,1.031,0.992,"[[871, 5], [3, 121]]"
-0.71,-0.49,0.0,0,0.709,0.992,"[[871, 5], [3, 121]]"
-0.11,0.9,0.0,0,1.119,0.992,"[[871, 5], [3, 121]]"
0.37,0.87,0.0,0,0.186,0.992,"[[871, 5], [3, 121]]"
-0.46,0.24,0.0,0,1.202,0.992,"[[871, 5], [3, 121]]"
0.3,1.0,0.0,0,0.464,0.992,"[[871, 5], [3, 121]]"
0.84,0.87,0.0,0,0.0,0.992,"[[871, 5], [3, 121]]"
-1.0,-0.97,0.0,0,0.64,0.992,"[[871, 5], [3, 121]]"
-0.3,-0.43,0.0,0,1.056,0.992,"[[871, 5], [3, 121]]"
1.0,0.68,0.0,0,0.0,0.992,"[[871, 5], [3, 121]]"
-0.49,-0.11,0.0,0,1.32,0.992,"[[871, 5], [3, 121]]"
0.33,-1.0,0.0,0,0.0,0.992,"[[871, 5], [3, 121]]"
0.14,-0.33,1.0,1,1.632,0.992,"[[871, 5], [3, 121]]"
-0.05,-0.24,1.0,1,1.931,0.992,"[[871, 5], [3, 121]]"
-0.24,-0.71,0.0,0,0.938,0.992,"[[871, 5], [3, 121]]"
0.65,-0.75,0.0,0,0.0,0.992,"[[871, 5], [3, 121]]"
1.0,-0.43,0.0,0,0.836,0.992,"[[871, 5], [3, 121]]"
-0.9,-0.65,0.0,0,0.679,0.992,"[[871, 5], [3, 121]]"
0.62,-0.11,0.0,0,1.153,0.992,"[[871, 5], [3, 121]]"
-0.75,0.68,0.0,0,0.494,0.992,"[[871, 5], [3, 121]]"
0.78,0.62,0.0,0,0.0,0.992,"[[871, 5], [3, 121]]"
-0.14,-0.46,0.0,0,1.271,0.992,"[[871, 5], [3, 121]]"
-0.08,0.75,0.0,0,1.139,0.992,"[[871, 5], [3, 121]]"
0.87,-0.52,0.0,0,0.43,0.992,"[[871, 5], [3, 121]]"
0.46,-0.9,0.0,0,0.0,0.992,"[[871, 5], [3, 121]]"
-0.27,0.33,0.0,0,1.339,0.992,"[[871, 5], [3, 121]]"
0.02,-0.24,1.0,1,1.999,0.992,"[[871, 5], [3, 121]]"
-0.4,-0.33,0.0,0,1.041,0.992,"[[871, 5], [3, 121]]"
-0.75,-0.11,0.0,0,0.85,0.992,"[[871, 5], [3, 121]]"
-0.78,0.84,0.0,0,0.464,0.992,"[[871, 5], [3, 121]]"
-0.27,-0.33,0.0,0,1.276,0.992,"[[871, 5], [3, 121]]"
-0.59,-0.56,0.0,0,0.728,0.992,"[[871, 5], [3, 121]]"
0.84,0.49,0.0,0,0.093,0.992,"[[871, 5], [3, 121]]"
-0.46,-0.97,0.0,0,0.753,0.992,"[[871, 5], [3, 121]]"
0.78,-0.62,0.0,0,0.088,0.992,"[[871, 5], [3, 121]]"
0.65,-0.65,0.0,0,0.0,0.992,"[[871, 5], [3, 121]]"
0.75,-0.21,0.0,0,1.065,0.992,"[[871, 5], [3, 121]]"
-1.0,0.24,0.0,0,0.357,0.992,"[[871, 5], [3, 121]]"
-0.65,-0.65,0.0,0,0.665,0.992,"[[871, 5], [3, 121]]"
-0.11,-0.17,1.0,1,2.058,0.992,"[[871, 5], [3, 121]]"
0.14,0.43,0.0,0,1.315,0.992,"[[871, 5], [3, 121]]"
-0.21,0.08,1.0,1,2.107,0.992,"[[871, 5], [3, 121]]"
0.02,-0.97,0.0,0,0.836,0.992,"[[871, 5], [3, 121]]"
0.33,0.97,0.0,0,0.332,0.992,"[[871, 5], [3, 121]]"
-0.56,-0.49,0.0,0,0.694,0.992,"[[871, 5], [3, 121]]"
-0.3,-0.97,0.0,0,0.855,0.992,"[[871, 5], [3, 121]]"
-0.11,-0.49,0.0,0,1.217,0.992,"[[871, 5], [3, 121]]"
-0.37,0.05,1.0,1,1.691,0.992,"[[871, 5], [3, 121]]"
-0.43,0.05,1.0,1,1.559,0.992,"[[871, 5], [3, 121]]"
-0.87,0.4,0.0,0,0.45,0.992,"[[871, 5], [3, 121]]"
-0.3,0.21,0.0,1,1.593,0.992,"[[871, 5], [3, 121]]"
0.11,0.27,1.0,1,1.887,0.992,"[[871, 5], [3, 121]]"
0.84,-0.75,0.0,0,0.0,0.992,"[[871, 5], [3, 121]]"
-0.4,-0.59,0.0,0,0.806,0.992,"[[871, 5], [3, 121]]"
-0.78,0.33,0.0,0,0.601,0.992,"[[871, 5], [3, 121]]"
-0.75,-0.4,0.0,0,0.64,0.992,"[[871, 5], [3, 121]]"
0.94,0.59,0.0,0,0.0,0.992,"[[871, 5], [3, 121]]"
-0.59,0.02,0.0,0,1.207,0.992,"[[871, 5], [3, 121]]"
-0.84,-0.27,0.0,0,0.621,0.992,"[[871, 5], [3, 121]]"
-1.0,-0.87,0.0,0,0.684,0.992,"[[871, 5], [3, 121]]"
-0.75,-0.02,0.0,0,0.894,0.992,"[[871, 5], [3, 121]]"
-0.52,-0.3,0.0,0,0.924,0.992,"[[871, 5], [3, 121]]"
-0.52,-1.0,0.0,0,0.738,0.992,"[[871, 5], [3, 121]]"
0.68,0.17,0.0,0,0.987,0.992,"[[871, 5], [3, 121]]"
-0.65,-0.02,0.0,0,1.095,0.992,"[[871, 5], [3, 121]]"
-0.87,-0.52,0.0,0,0.684,0.992,"[[871, 5], [3, 121]]"
0.24,-0.4,0.0,0,1.105,0.992,"[[871, 5], [3, 121]]"
-0.11,-0.52,0.0,0,1.149,0.992,"[[871, 5], [3, 121]]"
0.43,0.62,0.0,0,0.093,0.992,"[[871, 5], [3, 121]]"
-0.17,0.81,0.0,0,1.061,0.992,"[[871, 5], [3, 121]]"
-0.68,-0.62,0.0,0,0.67,0.992,"[[871, 5], [3, 121]]"
0.65,0.43,0.0,0,0.274,0.992,"[[871, 5], [3, 121]]"
0.46,-0.68,0.0,0,0.0,0.992,"[[871, 5], [3, 121]]"
0.56,0.65,0.0,0,0.0,0.992,"[[871, 5], [3, 121]]"
-0.14,0.3,1.0,1,1.745,0.992,"[[871, 5], [3, 121]]"
0.62,-0.49,0.0,0,0.357,0.992,"[[871, 5], [3, 121]]"
0.11,-0.81,0.0,0,0.728,0.992,"[[871, 5], [3, 121]]"
0.3,-0.33,0.0,0,1.183,0.992,"[[871, 5], [3, 121]]"
-0.43,-0.05,1.0,1,1.52,0.992,"[[871, 5], [3, 121]]"
0.68,-0.9,0.0,0,0.0,0.992,"[[871, 5], [3, 121]]"
0.08,-0.49,0.0,0,1.193,0.992,"[[871, 5], [3, 121]]"
0.62,-1.0,0.0,0,0.0,0.992,"[[871, 5], [3, 121]]"
-0.05,-0.97,0.0,0,0.919,0.992,"[[871, 5], [3, 121]]"
0.68,0.59,0.0,0,0.0,0.992,"[[871, 5], [3, 121]]"
0.84,0.02,0.0,0,1.07,0.992,"[[871, 5], [3, 121]]"
0.37,0.37,0.0,0,0.86,0.992,"[[871, 5], [3, 121]]"
0.75,0.87,0.0,0,0.0,0.992,"[[871, 5], [3, 121]]"
0.9,-0.43,0.0,0,0.718,0.992,"[[871, 5], [3, 121]]"
0.9,-0.43,0.0,0,0.758,0.992,"[[871, 5], [3, 121]]"
-0.43,0.81,0.0,0,0.665,0.992,"[[871, 5], [3, 121]]"
0.43,-0.3,0.0,0,0.987,0.992,"[[871, 5], [3, 121]]"
-0.27,-0.52,0.0,0,0.987,0.992,"[[871, 5], [3, 121]]"
-0.97,-0.52,0.0,0,0.645,0.992,"[[871, 5], [3, 121]]"
-0.81,-0.11,0.0,0,0.728,0.992,"[[871, 5], [3, 121]]"
0.33,-0.78,0.0,0,0.0,0.992,"[[871, 5], [3, 121]]"
0.68,-0.14,0.0,0,1.1,0.992,"[[871, 5], [3, 121]]"
0.52,-0.24,0.0,0,1.08,0.992,"[[871, 5], [3, 121]]"
-0.05,0.81,0.0,0,1.144,0.992,"[[871, 5], [3, 121]]"
0.87,0.84,0.0,0,0.0,0.992,"[[871, 5], [3, 121]]"
-0.49,-0.24,0.0,0,1.041,0.992,"[[871, 5], [3, 121]]"
-0.17,-0.62,0.0,0,1.026,0.992,"[[871, 5], [3, 121]]"
0.9,-0.59,0.0,0,0.313,0.992,"[[871, 5], [3, 121]]"
0.11,-0.43,0.0,0,1.32,0.992,"[[871, 5], [3, 121]]"
0.84,-0.56,0.0,0,0.332,0.992,"[[871, 5], [3, 121]]"
0.56,-0.56,0.0,0,0.156,0.992,"[[871, 5], [3, 121]]"
0.33,-0.37,0.0,0,0.992,0.992,"[[871, 5], [3, 121]]"
-0.71,-0.78,0.0,0,0.704,0.992,"[[871, 5], [3, 121]]"
0.4,0.75,0.0,0,0.093,0.992,"[[871, 5], [3, 121]]"
-0.59,0.4,0.0,0,0.694,0.992,"[[871, 5], [3, 121]]"
0.81,0.37,0.0,0,0.474,0.992,"[[871, 5], [3, 121]]"
-0.81,0.68,0.0,0,0.474,0.992,"[[871, 5], [3, 121]]"
0.21,-0.14,1.0,1,1.989,0.992,"[[871, 5], [3, 121]]"
0.24,0.4,0.0,0,1.202,0.992,"[[871, 5], [3, 121]]"
-0.75,-0.52,0.0,0,0.694,0.992,"[[871, 5], [3, 121]]"
-0.59,0.94,0.0,0,0.552,0.992,"[[871, 5], [3, 121]]"
0.78,-0.27,0.0,0,0.948,0.992,"[[871, 5], [3, 121]]"
-0.78,-0.65,0.0,0,0.674,0.992,"[[871, 5], [3, 121]]"
-0.49,-0.59,0.0,0,0.743,0.992,"[[871, 5], [3, 121]]"
0.78,0.97,0.0,0,0.0,0.992,"[[871, 5], [3, 121]]"
-0.3,-0.08,1.0,1,1.813,0.992,"[[871, 5], [3, 121]]"
0.78,-0.02,0.0,0,1.1,0.992,"[[871, 5], [3, 121]]"
-0.52,0.46,0.0,0,0.714,0.992,"[[871, 5], [3, 121]]"
-0.21,-0.43,0.0,0,1.227,0.992,"[[871, 5], [3, 121]]"
-0.75,-0.87,0.0,0,0.679,0.992,"[[871, 5], [3, 121]]"
0.11,-0.11,1.0,1,2.253,0.992,"[[871, 5], [3, 121]]"
-0.81,-0.97,0.0,0,0.66,0.992,"[[871, 5], [3, 121]]"
-0.46,0.56,0.0,0,0.718,0.992,"[[871, 5], [3, 121]]"
-0.78,0.56,0.0,0,0.499,0.992,"[[871, 5], [3, 121]]"
-0.37,-0.27,0.0,0,1.227,0.992,"[[871, 5], [3, 121]]"
-0.21,0.81,0.0,0,0.973,0.992,"[[871, 5], [3, 121]]"
-0.94,-0.49,0.0,0,0.611,0.992,"[[871, 5], [3, 121]]"
0.9,0.3,0.0,0,0.723,0.992,"[[871, 5], [3, 121]]"
-0.49,-0.17,0.0,0,1.193,0.992,"[[871, 5], [3, 121]]"
0.78,0.52,0.0,0,0.0,0.992,"[[871, 5], [3, 121]]"
0.59,-0.94,0.0,0,0.0,0.992,"[[871, 5], [3, 121]]"
0.43,0.49,0.0,0,0.347,0.992,"[[871, 5], [3, 121]]"
-0.27,-0.46,0.0,0,1.08,0.992,"[[871, 5], [3, 121]]"
-0.24,-0.37,0.0,0,1.276,0.992,"[[871, 5], [3, 121]]"
-0.87,0.21,0.0,0,0.562,0.992,"[[871, 5], [3, 121]]"
0.14,-1.0,0.0,0,0.562,0.992,"[[871, 5], [3, 121]]"
0.4,-0.81,0.0,0,0.0,0.992,"[[871, 5], [3, 121]]"
0.56,0.4,0.0,0,0.415,0.992,"[[871, 5], [3, 121]]"
-0.27,-0.3,0.0,0,1.359,0.992,"[[871, 5], [3, 121]]"
-0.05,-0.52,0.0,0,1.202,0.992,"[[871, 5], [3, 121]]"
0.71,-0.68,0.0,0,0.0,0.992,"[[871, 5], [3, 121]]"
-0.21,0.08,1.0,1,2.102,0.992,"[[871, 5], [3, 121]]"
-0.37,0.27,0.0,0,1.285,0.992,"[[871, 5], [3, 121]]"
0.05,0.21,1.0,1,2.102,0.992,"[[871, 5], [3, 121]]"
0.17,0.71,0.0,0,0.909,0.992,"[[871, 5], [3, 121]]"
0.81,-0.33,0.0,0,0.88,0.992,"[[871, 5], [3, 121]]"
-0.27,0.08,1.0,1,1.94,0.992,"[[871, 5], [3, 121]]"
-0.14,0.68,0.0,0,1.075,0.992,"[[871, 5], [3, 121]]"
-0.08,0.02,1.0,1,2.38,0.992,"[[871, 5], [3, 121]]"
0.05,0.33,1.0,1,1.764,0.992,"[[871, 5], [3, 121]]"
0.62,1.0,0.0,0,0.0,0.992,"[[871, 5], [3, 121]]"
0.68,0.4,0.0,0,0.342,0.992,"[[871, 5], [3, 121]]"
0.75,0.11,0.0,0,1.051,0.992,"[[871, 5], [3, 121]]"
0.62,0.3,0.0,0,0.694,0.992,"[[871, 5], [3, 121]]"
-0.3,0.81,0.0,0,0.855,0.992,"[[871, 5], [3, 121]]"
0.71,0.24,0.0,0,0.826,0.992,"[[871, 5], [3, 121]]"
-0.78,-0.14,0.0,0,0.787,0.992,"[[871, 5], [3, 121]]"
0.3,0.87,0.0,0,0.425,0.992,"[[871, 5], [3, 121]]"
0.56,0.52,0.0,0,0.024,0.992,"[[871, 5], [3, 121]]"
-0.71,1.0,0.0,0,0.503,0.992,"[[871, 5], [3, 121]]"
0.71,-0.68,0.0,0,0.0,0.992,"[[871, 5], [3, 121]]"
-1.0,-0.87,0.0,0,0.674,0.992,"[[871, 5], [3, 121]]"
-0.4,-0.46,0.0,0,0.88,0.992,"[[871, 5], [3, 121]]"
0.78,-0.9,0.0,0,0.0,0.992,"[[871, 5], [3, 121]]"
0.14,0.17,1.0,1,2.107,0.992,"[[871, 5], [3, 121]]"
-0.46,-0.05,0.0,0,1.442,0.992,"[[871, 5], [3, 121]]"
-0.37,-0.27,0.0,0,1.227,0.992,"[[871, 5], [3, 121]]"
0.68,-0.08,0.0,0,1.1,0.992,"[[871, 5], [3, 121]]"
0.52,0.21,0.0,0,1.017,0.992,"[[871, 5], [3, 121]]"
-0.9,0.87,0.0,0,0.415,0.992,"[[871, 5], [3, 121]]"
0.97,-0.05,0.0,0,1.09,0.992,"[[871, 5], [3, 121]]"
0.33,-0.65,0.0,0,0.103,0.992,"[[871, 5], [3, 121]]"
-0.97,-0.94,0.0,0,0.679,0.992,"[[871, 5], [3, 121]]"
-0.37,-0.08,1.0,1,1.637,0.992,"[[871, 5], [3, 121]]"
0.14,0.9,0.0,0,0.948,0.992,"[[871, 5], [3, 121]]"
-0.87,-0.78,0.0,0,0.64,0.992,"[[871, 5], [3, 121]]"
-0.49,0.62,0.0,0,0.645,0.992,"[[871, 5], [3, 121]]"
0.52,0.65,0.0,0,0.0,0.992,"[[871, 5], [3, 121]]"
0.49,-0.71,0.0,0,0.0,0.992,"[[871, 5], [3, 121]]"
-0.68,-0.27,0.0,0,0.767,0.992,"[[871, 5], [3, 121]]"
0.43,-1.0,0.0,0,0.0,0.992,"[[871, 5], [3, 121]]"
0.27,0.52,0.0,0,0.792,0.992,"[[871, 5], [3, 121]]"
-0.05,-0.46,0.0,0,1.315,0.992,"[[871, 5], [3, 121]]"
-0.14,0.27,1.0,1,1.804,0.992,"[[871, 5], [3, 121]]"
0.37,0.62,0.0,0,0.293,0.992,"[[871, 5], [3, 121]]"
1.0,-0.33,0.0,0,0.978,0.992,"[[871, 5], [3, 121]]"
-0.02,-0.05,1.0,1,2.38,0.992,"[[871, 5], [3, 121]]"
-0.37,-0.17,0.0,0,1.408,0.992,"[[871, 5], [3, 121]]"
-0.81,-0.52,0.0,0,0.684,0.992,"[[871, 5], [3, 121]]"
-0.71,0.52,0.0,0,0.518,0.992,"[[871, 5], [3, 121]]"
0.9,-0.46,0.0,0,0.64,0.992,"[[871, 5], [3, 121]]"
-0.14,-0.68,0.0,0,1.002,0.992,"[[871, 5], [3, 121]]"
0.49,-0.46,0.0,0,0.503,0.992,"[[871, 5], [3, 121]]"
0.11,-0.9,0.0,0,0.699,0.992,"[[871, 5], [3, 121]]"
-0.4,0.24,0.0,0,1.334,0.992,"[[871, 5], [3, 121]]"
-0.62,-0.71,0.0,0,0.704,0.992,"[[871, 5], [3, 121]]"
-0.43,-0.08,0.0,0,1.505,0.992,"[[871, 5], [3, 121]]"
0.56,-0.9,0.0,0,0.0,0.992,"[[871, 5], [3, 121]]"
-0.68,-0.78,0.0,0,0.709,0.992,"[[871, 5], [3, 121]]"
0.08,-0.49,0.0,0,1.193,0.992,"[[871, 5], [3, 121]]"
0.05,0.08,1.0,1,2.366,0.992,"[[871, 5], [3, 121]]"
0.37,-0.87,0.0,0,0.0,0.992,"[[871, 5], [3, 121]]"
-0.9,0.94,0.0,0,0.415,0.992,"[[871, 5], [3, 121]]"
-0.62,-0.17,0.0,0,0.929,0.992,"[[871, 5], [3, 121]]"
0.14,0.14,1.0,1,2.185,0.992,"[[871, 5], [3, 121]]"
0.84,-0.81,0.0,0,0.0,0.992,"[[871, 5], [3, 121]]"
-0.97,0.02,0.0,0,0.469,0.992,"[[871, 5], [3, 121]]"
0.56,-0.46,0.0,0,0.474,0.992,"[[871, 5], [3, 121]]"
-1.0,0.75,0.0,0,0.445,0.992,"[[871, 5], [3, 121]]"
0.24,0.71,0.0,0,0.709,0.992,"[[871, 5], [3, 121]]"
-0.24,0.68,0.0,0,0.943,0.992,"[[871, 5], [3, 121]]"
0.84,0.17,0.0,0,0.973,0.992,"[[871, 5], [3, 121]]"
0.14,0.75,0.0,0,0.968,0.992,"[[871, 5], [3, 121]]"
0.11,-0.14,1.0,1,2.165,0.992,"[[871, 5], [3, 121]]"
-0.84,0.62,0.0,0,0.455,0.992,"[[871, 5], [3, 121]]"
-0.81,-0.56,0.0,0,0.645,0.992,"[[871, 5], [3, 121]]"
-0.9,0.87,0.0,0,0.415,0.992,"[[871, 5], [3, 121]]"
0.08,-0.3,1.0,1,1.784,0.992,"[[871, 5], [3, 121]]"
0.81,-0.02,0.0,0,1.095,0.992,"[[871, 5], [3, 121]]"
0.27,-0.75,0.0,0,0.215,0.992,"[[871, 5], [3, 121]]"
0.9,0.78,0.0,0,0.0,0.992,"[[871, 5], [3, 121]]"
0.05,-0.08,1.0,1,2.331,0.992,"[[871, 5], [3, 121]]"
-0.11,-0.11,1.0,1,2.175,0.992,"[[871, 5], [3, 121]]"
-0.87,-0.02,0.0,0,0.645,0.992,"[[871, 5], [3, 121]]"
-0.17,0.08,1.0,1,2.19,0.992,"[[871, 5], [3, 121]]"
0.02,0.84,0.0,0,1.129,0.992,"[[871, 5], [3, 121]]"
0.78,1.0,0.0,0,0.0,0.992,"[[871, 5], [3, 121]]"
0.43,0.97,0.0,0,0.0,0.992,"[[871, 5], [3, 121]]"
0.62,-0.46,0.0,0,0.44,0.992,"[[871, 5], [3, 121]]"
-0.71,-0.11,0.0,0,0.914,0.992,"[[871, 5], [3, 121]]"
0.68,0.49,0.0,0,0.093,0.992,"[[871, 5], [3, 121]]"
-0.84,-0.49,0.0,0,0.64,0.992,"[[871, 5], [3, 121]]"
0.05,-0.75,0.0,0,0.899,0.992,"[[871, 5], [3, 121]]"
-0.78,0.87,0.0,0,0.445,0.992,"[[871, 5], [3, 121]]"
0.94,0.75,0.0,0,0.0,0.992,"[[871, 5], [3, 121]]"
-0.05,0.4,1.0,1,1.554,0.992,"[[871, 5], [3, 121]]"
-0.75,-0.78,0.0,0,0.65,0.992,"[[871, 5], [3, 121]]"
0.71,-0.62,0.0,0,0.024,0.992,"[[871, 5], [3, 121]]"
-0.37,0.02,1.0,1,1.725,0.992,"[[871, 5], [3, 121]]"
-0.78,-0.37,0.0,0,0.635,0.992,"[[871, 5], [3, 121]]"
-0.9,0.37,0.0,0,0.464,0.992,"[[871, 5], [3, 121]]"
-0.33,-0.65,0.0,0,0.821,0.992,"[[871, 5], [3, 121]]"
-0.14,-0.08,1.0,1,2.219,0.992,"[[871, 5], [3, 121]]"
0.4,0.27,0.0,0,1.095,0.992,"[[871, 5], [3, 121]]"
-0.9,-1.0,0.0,0,0.679,0.992,"[[871, 5], [3, 121]]"
0.21,-0.37,0.0,0,1.29,0.992,"[[871, 5], [3, 121]]"
-0.37,0.43,0.0,0,0.943,0.992,"[[871, 5], [3, 121]]"
-0.78,-0.11,0.0,0,0.811,0.992,"[[871, 5], [3, 121]]"
-0.4,-0.59,0.0,0,0.806,0.992,"[[871, 5], [3, 121]]"
-0.02,0.17,1.0,1,2.199,0.992,"[[871, 5], [3, 121]]"
-1.0,0.49,0.0,0,0.406,0.992,"[[871, 5], [3, 121]]"
-0.84,0.94,0.0,0,0.445,0.992,"[[871, 5], [3, 121]]"
-0.14,0.24,1.0,1,1.911,0.992,"[[871, 5], [3, 121]]"
0.37,0.59,0.0,0,0.323,0.992,"[[871, 5], [3, 121]]"
-0.05,-0.87,0.0,0,0.938,0.992,"[[871, 5], [3, 121]]"
-0.71,0.46,0.0,0,0.557,0.992,"[[871, 5], [3, 121]]"
-0.4,-0.62,0.0,0,0.767,0.992,"[[871, 5], [3, 121]]"
-0.78,0.81,0.0,0,0.469,0.992,"[[871, 5], [3, 121]]"
-0.33,0.75,0.0,0,0.802,0.992,"[[871, 5], [3, 121]]"
0.17,0.17,1.0,1,2.058,0.992,"[[871, 5], [3, 121]]"
-0.11,0.52,0.0,0,1.227,0.992,"[[871, 5], [3, 121]]"
-0.75,-0.87,0.0,0,0.645,0.992,"[[871, 5], [3, 121]]"
0.37,0.3,0.0,0,1.07,0.992,"[[871, 5], [3, 121]]"
0.46,0.14,0.0,0,1.266,0.992,"[[871, 5], [3, 121]]"
-1.0,-0.49,0.0,0,0.65,0.992,"[[871, 5], [3, 121]]"
0.27,-0.43,0.0,0,0.914,0.992,"[[871, 5], [3, 121]]"
0.62,0.17,0.0,0,1.007,0.992,"[[871, 5], [3, 121]]"
0.21,-0.05,1.0,1,2.087,0.992,"[[871, 5], [3, 121]]"
-0.21,0.68,0.0,0,0.992,0.992,"[[871, 5], [3, 121]]"
-0.68,0.46,0.0,0,0.591,0.992,"[[871, 5], [3, 121]]"
0.62,0.11,0.0,0,1.114,0.992,"[[871, 5], [3, 121]]"
0.08,0.52,0.0,0,1.256,0.992,"[[871, 5], [3, 121]]"
0.87,-1.0,0.0,0,0.0,0.992,"[[871, 5], [3, 121]]"
-0.27,0.56,0.0,0,0.948,0.992,"[[871, 5], [3, 121]]"
0.02,0.81,0.0,0,1.153,0.992,"[[871, 5], [3, 121]]"
-0.4,-0.71,0.0,0,0.772,0.992,"[[871, 5], [3, 121]]"
-0.17,0.59,0.0,0,1.09,0.992,"[[871, 5], [3, 121]]"
-0.56,0.05,0.0,0,1.285,0.992,"[[871, 5], [3, 121]]"
0.02,0.52,0.0,0,1.295,0.992,"[[871, 5], [3, 121]]"
0.62,0.56,0.0,0,0.0,0.992,"[[871, 5], [3, 121]]"
-0.81,-0.62,0.0,0,0.645,0.992,"[[871, 5], [3, 121]]"
0.05,-0.81,0.0,0,0.846,0.992,"[[871, 5], [3, 121]]"
0.4,0.9,0.0,0,0.083,0.992,"[[871, 5], [3, 121]]"
0.87,0.62,0.0,0,0.0,0.992,"[[871, 5], [3, 121]]"
0.81,0.14,0.0,0,0.997,0.992,"[[871, 5], [3, 121]]"
0.59,0.11,0.0,0,1.085,0.992,"[[871, 5], [3, 121]]"
0.43,0.21,0.0,0,1.193,0.992,"[[871, 5], [3, 121]]"
0.3,0.14,1.0,1,1.706,0.992,"[[871, 5], [3, 121]]"
-0.87,-0.05,0.0,0,0.626,0.992,"[[871, 5], [3, 121]]"
0.81,0.59,0.0,0,0.0,0.992,"[[871, 5], [3, 121]]"
-0.08,-0.4,1.0,0,1.427,0.992,"[[871, 5], [3, 121]]"
-0.14,0.21,1.0,1,1.989,0.992,"[[871, 5], [3, 121]]"
-0.46,0.4,0.0,0,0.831,0.992,"[[871, 5], [3, 121]]"
0.11,0.11,1.0,1,2.273,0.992,"[[871, 5], [3, 121]]"
-0.94,-0.56,0.0,0,0.674,0.992,"[[871, 5], [3, 121]]"
-0.37,-0.08,1.0,1,1.642,0.992,"[[871, 5], [3, 121]]"
0.43,0.62,0.0,0,0.093,0.992,"[[871, 5], [3, 121]]"
0.81,0.9,0.0,0,0.0,0.992,"[[871, 5], [3, 121]]"
-0.52,0.78,0.0,0,0.567,0.992,"[[871, 5], [3, 121]]"
0.75,-0.46,0.0,0,0.518,0.992,"[[871, 5], [3, 121]]"
0.14,-0.9,0.0,0,0.611,0.992,"[[871, 5], [3, 121]]"
0.3,-0.08,1.0,1,1.76,0.992,"[[871, 5], [3, 121]]"
0.97,-0.14,0.0,0,1.09,0.992,"[[871, 5], [3, 121]]"
-0.87,-0.9,0.0,0,0.674,0.992,"[[871, 5], [3, 121]]"
0.56,0.05,0.0,0,1.217,0.992,"[[871, 5], [3, 121]]"
0.59,0.68,0.0,0,0.0,0.992,"[[871, 5], [3, 121]]"
-0.59,0.62,0.0,0,0.562,0.992,"[[871, 5], [3, 121]]"
-0.05,0.71,0.0,0,1.173,0.992,"[[871, 5], [3, 121]]"
0.43,-0.14,0.0,0,1.344,0.992,"[[871, 5], [3, 121]]"
-0.27,0.14,1.0,1,1.823,0.992,"[[871, 5], [3, 121]]"
0.08,0.78,0.0,0,1.051,0.992,"[[871, 5], [3, 121]]"
0.11,-0.33,1.0,1,1.667,0.992,"[[871, 5], [3, 121]]"
-0.71,0.24,0.0,0,0.743,0.992,"[[871, 5], [3, 121]]"
-0.17,0.33,0.0,1,1.564,0.992,"[[871, 5], [3, 121]]"
0.75,-0.68,0.0,0,0.0,0.992,"[[871, 5], [3, 121]]"
-0.17,-0.08,1.0,1,2.16,0.992,"[[871, 5], [3, 121]]"
0.71,0.56,0.0,0,0.0,0.992,"[[871, 5], [3, 121]]"
-0.3,-0.08,1.0,1,1.808,0.992,"[[871, 5], [3, 121]]"
-0.62,0.94,0.0,0,0.508,0.992,"[[871, 5], [3, 121]]"
-0.52,0.84,0.0,0,0.601,0.992,"[[871, 5], [3, 121]]"
0.08,-0.24,1.0,1,1.965,0.992,"[[871, 5], [3, 121]]"
-0.17,0.59,0.0,0,1.08,0.992,"[[871, 5], [3, 121]]"
0.62,-0.49,0.0,0,0.293,0.992,"[[871, 5], [3, 121]]"
0.21,-1.0,0.0,0,0.313,0.992,"[[871, 5], [3, 121]]"
0.46,0.14,0.0,0,1.266,0.992,"[[871, 5], [3, 121]]"
-0.49,0.08,0.0,0,1.398,0.992,"[[871, 5], [3, 121]]"
0.94,0.87,0.0,0,0.0,0.992,"[[871, 5], [3, 121]]"
0.9,-0.59,0.0,0,0.093,0.992,"[[871, 5], [3, 121]]"
0.49,-0.97,0.0,0,0.0,0.992,"[[871, 5], [3, 121]]"
0.84,0.87,0.0,0,0.0,0.992,"[[871, 5], [3, 121]]"
0.27,-0.94,0.0,0,0.068,0.992,"[[871, 5], [3, 121]]"
-1.0,-0.94,0.0,0,0.67,0.992,"[[871, 5], [3, 121]]"
-0.68,-0.4,0.0,0,0.704,0.992,"[[871, 5], [3, 121]]"
-0.65,0.65,0.0,0,0.523,0.992,"[[871, 5], [3, 121]]"
-0.59,0.84,0.0,0,0.552,0.992,"[[871, 5], [3, 121]]"
-0.78,-0.62,0.0,0,0.635,0.992,"[[871, 5], [3, 121]]"
-0.05,-0.05,1.0,1,2.361,0.992,"[[871, 5], [3, 121]]"
-0.81,0.24,0.0,0,0.645,0.992,"[[871, 5], [3, 121]]"
0.43,-0.33,0.0,0,0.938,0.992,"[[871, 5], [3, 121]]"
0.68,-0.59,0.0,0,0.098,0.992,"[[871, 5], [3, 121]]"
-0.05,0.56,0.0,0,1.222,0.992,"[[871, 5], [3, 121]]"
-0.52,-0.17,0.0,0,1.114,0.992,"[[871, 5], [3, 121]]"
0.3,0.62,0.0,0,0.528,0.992,"[[871, 5], [3, 121]]"
0.21,-0.62,0.0,0,0.572,0.992,"[[871, 5], [3, 121]]"
0.68,0.56,0.0,0,0.0,0.992,"[[871, 5], [3, 121]]"
0.37,-1.0,0.0,0,0.0,0.992,"[[871, 5], [3, 121]]"
-0.43,-0.97,0.0,0,0.777,0.992,"[[871, 5], [3, 121]]"
-0.78,0.14,0.0,0,0.777,0.992,"[[871, 5], [3, 121]]"
-0.11,-0.68,0.0,0,1.026,0.992,"[[871, 5], [3, 121]]"
-0.97,0.33,0.0,0,0.376,0.992,"[[871, 5], [3, 121]]"
0.3,0.02,1.0,1,1.813,0.992,"[[871, 5], [3, 121]]"
-0.94,0.97,0.0,0,0.406,0.992,"[[871, 5], [3, 121]]"
0.59,-0.11,0.0,0,1.173,0.992,"[[871, 5], [3, 121]]"
-0.11,0.84,0.0,0,1.124,0.992,"[[871, 5], [3, 121]]"
-0.56,-0.94,0.0,0,0.694,0.992,"[[871, 5], [3, 121]]"
0.17,-0.11,1.0,1,2.126,0.992,"[[871, 5], [3, 121]]"
-0.14,-0.97,0.0,0,0.938,0.992,"[[871, 5], [3, 121]]"
0.71,-0.59,0.0,0,0.137,0.992,"[[871, 5], [3, 121]]"
0.14,-0.4,0.0,0,1.344,0.992,"[[871, 5], [3, 121]]"
-0.02,0.49,0.0,0,1.359,0.992,"[[871, 5], [3, 121]]"
-0.08,-0.46,0.0,0,1.295,0.992,"[[871, 5], [3, 121]]"
0.59,0.14,0.0,0,1.08,0.992,"[[871, 5], [3, 121]]"
0.9,-0.78,0.0,0,0.0,0.992,"[[871, 5], [3, 121]]"
0.46,0.68,0.0,0,0.0,0.992,"[[871, 5], [3, 121]]"
-0.08,-0.81,0.0,0,0.938,0.992,"[[871, 5], [3, 121]]"
0.59,-0.71,0.0,0,0.0,0.992,"[[871, 5], [3, 121]]"
0.05,-0.52,0.0,0,1.173,0.992,"[[871, 5], [3, 121]]"
-0.62,-0.43,0.0,0,0.704,0.992,"[[871, 5], [3, 121]]"
0.02,-0.08,1.0,1,2.361,0.992,"[[871, 5], [3, 121]]"
0.3,0.68,0.0,0,0.474,0.992,"[[871, 5], [3, 121]]"
-0.49,0.9,0.0,0,0.65,0.992,"[[871, 5], [3, 121]]"
-0.94,0.33,0.0,0,0.445,0.992,"[[871, 5], [3, 121]]"
-0.75,-0.43,0.0,0,0.63,0.992,"[[871, 5], [3, 121]]"
0.62,-0.94,0.0,0,0.0,0.992,"[[871, 5], [3, 121]]"
0.94,-0.08,0.0,0,1.105,0.992,"[[871, 5], [3, 121]]"
-0.68,-0.46,0.0,0,0.674,0.992,"[[871, 5], [3, 121]]"
0.52,0.11,0.0,0,1.173,0.992,"[[871, 5], [3, 121]]"
-0.17,0.78,0.0,0,1.051,0.992,"[[871, 5], [3, 121]]"
-0.14,-0.4,0.0,0,1.378,0.992,"[[871, 5], [3, 121]]"
0.78,-0.49,0.0,0,0.503,0.992,"[[871, 5], [3, 121]]"
0.78,-0.27,0.0,0,0.982,0.992,"[[871, 5], [3, 121]]"
-0.97,-0.62,0.0,0,0.679,0.992,"[[871, 5], [3, 121]]"
-1.0,0.11,0.0,0,0.376,0.992,"[[871, 5], [3, 121]]"
-0.84,0.43,0.0,0,0.513,0.992,"[[871, 5], [3, 121]]"
-0.24,0.78,0.0,0,0.948,0.992,"[[871, 5], [3, 121]]"
0.08,-0.94,0.0,0,0.704,0.992,"[[871, 5], [3, 121]]"
-0.52,-0.37,0.0,0,0.826,0.992,"[[871, 5], [3, 121]]"
-0.9,-0.9,0.0,0,0.684,0.992,"[[871, 5], [3, 121]]"
0.9,-0.46,0.0,0,0.689,0.992,"[[871, 5], [3, 121]]"
0.46,0.4,0.0,0,0.557,0.992,"[[871, 5], [3, 121]]"
0.17,0.21,1.0,1,1.96,0.992,"[[871, 5], [3, 121]]"
0.37,0.33,0.0,0,0.963,0.992,"[[871, 5], [3, 121]]"
-0.4,-0.68,0.0,0,0.811,0.992,"[[871, 5], [3, 121]]"
-0.24,0.17,1.0,1,1.848,0.992,"[[871, 5], [3, 121]]"
-0.81,0.33,0.0,0,0.557,0.992,"[[871, 5], [3, 121]]"
-0.37,0.27,0.0,0,1.3,0.992,"[[871, 5], [3, 121]]"
-0.81,0.49,0.0,0,0.513,0.992,"[[871, 5], [3, 121]]"
-0.11,-0.14,1.0,1,2.141,0.992,"[[871, 5], [3, 121]]"
0.62,-0.87,0.0,0,0.0,0.992,"[[871, 5], [3, 121]]"
-0.81,0.62,0.0,0,0.469,0.992,"[[871, 5], [3, 121]]"
-0.94,-0.3,0.0,0,0.557,0.992,"[[871, 5], [3, 121]]"
-0.11,0.17,1.0,1,2.151,0.992,"[[871, 5], [3, 121]]"
-0.11,0.11,1.0,1,2.229,0.992,"[[871, 5], [3, 121]]"
0.21,-0.05,1.0,1,2.077,0.992,"[[871, 5], [3, 121]]"
0.17,-0.78,0.0,0,0.513,0.992,"[[871, 5], [3, 121]]"
0.87,-0.24,0.0,0,1.036,0.992,"[[871, 5], [3, 121]]"
-0.84,-0.24,0.0,0,0.64,0.992,"[[871, 5], [3, 121]]"
0.43,0.49,0.0,0,0.337,0.992,"[[871, 5], [3, 121]]"
-0.71,-0.52,0.0,0,0.674,0.992,"[[871, 5], [3, 121]]"
0.14,-0.68,0.0,0,0.723,0.992,"[[871, 5], [3, 121]]"
0.71,-0.4,0.0,0,0.709,0.992,"[[871, 5], [3, 121]]"
-0.59,-0.59,0.0,0,0.733,0.992,"[[871, 5], [3, 121]]"
-0.33,0.24,0.0,0,1.471,0.992,"[[871, 5], [3, 121]]"
0.87,0.78,0.0,0,0.0,0.992,"[[871, 5], [3, 121]]"
-0.02,0.17,1.0,1,2.204,0.992,"[[871, 5], [3, 121]]"
-0.46,0.24,0.0,0,1.188,0.992,"[[871, 5], [3, 121]]"
0.11,-0.43,0.0,0,1.329,0.992,"[[871, 5], [3, 121]]"
0.43,-0.78,0.0,0,0.0,0.992,"[[871, 5], [3, 121]]"
0.62,0.9,0.0,0,0.0,0.992,"[[871, 5], [3, 121]]"
0.84,-0.24,0.0,0,0.997,0.992,"[[871, 5], [3, 121]]"
-0.75,0.02,0.0,0,0.88,0.992,"[[871, 5], [3, 121]]"
0.97,0.4,0.0,0,0.484,0.992,"[[871, 5], [3, 121]]"
-0.21,0.24,1.0,1,1.745,0.992,"[[871, 5], [3, 121]]"
-0.33,0.65,0.0,0,0.806,0.992,"[[871, 5], [3, 121]]"
0.43,0.27,0.0,0,1.046,0.992,"[[871, 5], [3, 121]]"
0.17,0.97,0.0,0,0.919,0.992,"[[871, 5], [3, 121]]"
-0.3,0.49,0.0,0,0.963,0.992,"[[871, 5], [3, 121]]"
-0.49,0.65,0.0,0,0.655,0.992,"[[871, 5], [3, 121]]"
-0.21,0.14,1.0,1,2.033,0.992,"[[871, 5], [3, 121]]"
0.46,0.33,0.0,0,0.772,0.992,"[[871, 5], [3, 121]]"
0.75,-0.49,0.0,0,0.459,0.992,"[[871, 5], [3, 121]]"
0.17,0.65,0.0,0,0.938,0.992,"[[871, 5], [3, 121]]"
1.0,-0.17,0.0,0,1.109,0.992,"[[871, 5], [3, 121]]"
-0.97,0.27,0.0,0,0.386,0.992,"[[871, 5], [3, 121]]"
-0.84,-0.49,0.0,0,0.611,0.992,"[[871, 5], [3, 121]]"
-0.81,0.46,0.0,0,0.523,0.992,"[[871, 5], [3, 121]]"
-0.62,0.02,0.0,0,1.168,0.992,"[[871, 5], [3, 121]]"
-0.17,-0.05,1.0,1,2.175,0.992,"[[871, 5], [3, 121]]"
-0.68,-0.37,0.0,0,0.684,0.992,"[[871, 5], [3, 121]]"
0.87,-0.27,0.0,0,1.012,0.992,"[[871, 5], [3, 121]]"
0.71,-0.52,0.0,0,0.357,0.992,"[[871, 5], [3, 121]]"
-0.56,0.4,0.0,0,0.762,0.992,"[[871, 5], [3, 121]]"
0.97,-0.4,0.0,0,0.85,0.992,"[[871, 5], [3, 121]]"
-0.75,0.75,0.0,0,0.464,0.992,"[[871, 5], [3, 121]]"
-0.78,0.75,0.0,0,0.474,0.992,"[[871, 5], [3, 121]]"
0.43,0.08,0.0,0,1.398,0.992,"[[871, 5], [3, 121]]"
-0.84,-0.14,0.0,0,0.679,0.992,"[[871, 5], [3, 121]]"
0.49,0.43,0.0,0,0.406,0.992,"[[871, 5], [3, 121]]"
0.87,0.08,0.0,0,1.075,0.992,"[[871, 5], [3, 121]]"
0.33,-0.46,0.0,0,0.684,0.992,"[[871, 5], [3, 121]]"
-0.9,-0.27,0.0,0,0.596,0.992,"[[871, 5], [3, 121]]"
-0.68,-0.14,0.0,0,0.909,0.992,"[[871, 5], [3, 121]]"
0.59,-0.59,0.0,0,0.068,0.992,"[[871, 5], [3, 121]]"
0.81,0.52,0.0,0,0.0,0.992,"[[871, 5], [3, 121]]"
-0.14,-0.27,1.0,1,1.725,0.992,"[[871, 5], [3, 121]]"
-0.21,-0.05,1.0,1,2.097,0.992,"[[871, 5], [3, 121]]"
-0.9,-0.84,0.0,0,0.674,0.992,"[[871, 5], [3, 121]]"
0.94,0.81,0.0,0,0.0,0.992,"[[871, 5], [3, 121]]"
-0.56,0.24,0.0,0,1.022,0.992,"[[871, 5], [3, 121]]"
-0.43,0.05,1.0,1,1.564,0.992,"[[871, 5], [3, 121]]"
-0.84,0.56,0.0,0,0.479,0.992,"[[871, 5], [3, 121]]"
0.84,0.08,0.0,0,1.07,0.992,"[[871, 5], [3, 121]]"
-0.87,-0.11,0.0,0,0.655,0.992,"[[871, 5], [3, 121]]"
-0.46,0.65,0.0,0,0.67,0.992,"[[871, 5], [3, 121]]"
-0.84,-0.97,0.0,0,0.645,0.992,"[[871, 5], [3, 121]]"
1.0,-0.87,0.0,0,0.0,0.992,"[[871, 5], [3, 121]]"
-0.05,-0.33,1.0,1,1.637,0.992,"[[871, 5], [3, 121]]"
-0.24,-0.75,0.0,0,0.938,0.992,"[[871, 5], [3, 121]]"
-0.9,0.9,0.0,0,0.406,0.992,"[[871, 5], [3, 121]]"
-0.84,0.59,0.0,0,0.474,0.992,"[[871, 5], [3, 121]]"
0.27,0.05,1.0,1,1.906,0.992,"[[871, 5], [3, 121]]"
0.14,0.71,0.0,0,0.973,0.992,"[[871, 5], [3, 121]]"
0.84,0.11,0.0,0,1.046,0.992,"[[871, 5], [3, 121]]"
0.56,0.52,0.0,0,0.073,0.992,"[[871, 5], [3, 121]]"
0.75,0.11,0.0,0,1.051,0.992,"[[871, 5], [3, 121]]"
-0.24,-0.21,1.0,1,1.652,0.992,"[[871, 5], [3, 121]]"
0.05,-0.84,0.0,0,0.831,0.992,"[[871, 5], [3, 121]]"
-0.43,-0.97,0.0,0,0.787,0.992,"[[871, 5], [3, 121]]"
0.05,0.11,1.0,1,2.326,0.992,"[[871, 5], [3, 121]]"
-0.56,-0.78,0.0,0,0.723,0.992,"[[871, 5], [3, 121]]"
0.56,-0.97,0.0,0,0.0,0.992,"[[871, 5], [3, 121]]"
-0.78,-0.97,0.0,0,0.684,0.992,"[[871, 5], [3, 121]]"
0.68,-0.78,0.0,0,0.0,0.992,"[[871, 5], [3, 121]]"
0.37,-0.21,0.0,0,1.354,0.992,"[[871, 5], [3, 121]]"
0.46,0.14,0.0,0,1.271,0.992,"[[871, 5], [3, 121]]"
0.52,-0.59,0.0,0,0.073,0.992,"[[871, 5], [3, 121]]"
0.65,0.4,0.0,0,0.332,0.992,"[[871, 5], [3, 121]]"
1.0,0.59,0.0,0,0.0,0.992,"[[871, 5], [3, 121]]"
0.05,-0.14,1.0,1,2.239,0.992,"[[871, 5], [3, 121]]"
-0.46,0.02,1.0,0,1.481,0.992,"[[871, 5], [3, 121]]"
-0.08,0.37,1.0,1,1.608,0.992,"[[871, 5], [3, 121]]"
-0.62,-0.4,0.0,0,0.718,0.992,"[[871, 5], [3, 121]]"
0.71,0.08,0.0,0,1.09,0.992,"[[871, 5], [3, 121]]"
0.46,0.43,0.0,0,0.459,0.992,"[[871, 5], [3, 121]]"
0.71,0.14,0.0,0,1.026,0.992,"[[871, 5], [3, 121]]"
0.02,-0.49,0.0,0,1.237,0.992,"[[871, 5], [3, 121]]"
0.08,0.52,0.0,0,1.256,0.992,"[[871, 5], [3, 121]]"
0.62,0.33,0.0,0,0.596,0.992,"[[871, 5], [3, 121]]"
-0.27,0.81,0.0,0,0.909,0.992,"[[871, 5], [3, 121]]"
0.9,0.37,0.0,0,0.547,0.992,"[[871, 5], [3, 121]]"
-0.21,-0.9,0.0,0,0.953,0.992,"[[871, 5], [3, 121]]"
0.46,-0.75,0.0,0,0.0,0.992,"[[871, 5], [3, 121]]"
0.59,-0.4,0.0,0,0.655,0.992,"[[871, 5], [3, 121]]"
0.37,0.46,0.0,0,0.596,0.992,"[[871, 5], [3, 121]]"
0.65,-1.0,0.0,0,0.0,0.992,"[[871, 5], [3, 121]]"
0.3,0.65,0.0,0,0.528,0.992,"[[871, 5], [3, 121]]"
0.46,-0.37,0.0,0,0.782,0.992,"[[871, 5], [3, 121]]"
-1.0,0.02,0.0,0,0.42,0.992,"[[871, 5], [3, 121]]"
-0.62,0.08,0.0,0,1.119,0.992,"[[871, 5], [3, 121]]"
0.71,0.37,0.0,0,0.45,0.992,"[[871, 5], [3, 121]]"
-0.71,-0.84,0.0,0,0.704,0.992,"[[871, 5], [3, 121]]"
-0.43,-0.33,0.0,0,1.007,0.992,"[[871, 5], [3, 121]]"
-0.87,-0.24,0.0,0,0.621,0.992,"[[871, 5], [3, 121]]"
-0.78,-0.94,0.0,0,0.689,0.992,"[[871, 5], [3, 121]]"
-0.9,0.94,0.0,0,0.42,0.992,"[[871, 5], [3, 121]]"
0.52,0.94,0.0,0,0.0,0.992,"[[871, 5], [3, 121]]"
-0.62,-0.78,0.0,0,0.66,0.992,"[[871, 5], [3, 121]]"
0.17,0.4,0.0,0,1.388,0.992,"[[871, 5], [3, 121]]"
0.65,-0.65,0.0,0,0.0,0.992,"[[871, 5], [3, 121]]"
0.43,0.62,0.0,0,0.093,0.992,"[[871, 5], [3, 121]]"
0.52,-0.11,0.0,0,1.246,0.992,"[[871, 5], [3, 121]]"
0.43,0.71,0.0,0,0.0,0.992,"[[871, 5], [3, 121]]"
-0.43,-0.02,1.0,1,1.549,0.992,"[[871, 5], [3, 121]]"
0.62,-0.97,0.0,0,0.0,0.992,"[[871, 5], [3, 121]]"
0.56,-0.49,0.0,0,0.362,0.992,"[[871, 5], [3, 121]]"
-0.78,0.59,0.0,0,0.484,0.992,"[[871, 5], [3, 121]]"
-0.17,-0.43,0.0,0,1.261,0.992,"[[871, 5], [3, 121]]"
0.56,-0.56,0.0,0,0.152,0.992,"[[871, 5], [3, 121]]"
0.46,-0.33,0.0,0,0.919,0.992,"[[871, 5], [3, 121]]"
-0.08,0.49,0.0,0,1.31,0.992,"[[871, 5], [3, 121]]"
-0.9,0.49,0.0,0,0.445,0.992,"[[871, 5], [3, 121]]"
-0.68,-0.84,0.0,0,0.66,0.992,"[[871, 5], [3, 121]]"
-0.37,0.05,1.0,1,1.686,0.992,"[[871, 5], [3, 121]]"
0.33,0.33,0.0,0,1.109,0.992,"[[871, 5], [3, 121]]"
-0.97,-0.94,0.0,0,0.674,0.992,"[[871, 5], [3, 121]]"
0.75,-0.14,0.0,0,1.105,0.992,"[[871, 5], [3, 121]]"
-0.37,0.27,0.0,0,1.295,0.992,"[[871, 5], [3, 121]]"
-0.49,0.75,0.0,0,0.596,0.992,"[[871, 5], [3, 121]]"
0.33,-0.4,0.0,0,0.846,0.992,"[[871, 5], [3, 121]]"
0.59,-0.52,0.0,0,0.279,0.992,"[[871, 5], [3, 121]]"
-0.11,-0.78,0.0,0,0.992,0.992,"[[871, 5], [3, 121]]"
-0.17,0.4,0.0,0,1.408,0.992,"[[871, 5], [3, 121]]"
-0.27,-0.08,1.0,1,1.906,0.992,"[[871, 5], [3, 121]]"
0.65,0.11,0.0,0,1.07,0.992,"[[871, 5], [3, 121]]"
0.52,0.05,0.0,0,1.232,0.992,"[[871, 5], [3, 121]]"
-0.94,0.52,0.0,0,0.415,0.992,"[[871, 5], [3, 121]]"
0.21,0.56,0.0,0,0.909,0.992,"[[871, 5], [3, 121]]"
-0.71,-0.49,0.0,0,0.665,0.992,"[[871, 5], [3, 121]]"
-0.94,0.78,0.0,0,0.44,0.992,"[[871, 5], [3, 121]]"
0.65,1.0,0.0,0,0.0,0.992,"[[871, 5], [3, 121]]"
0.4,-0.24,0.0,0,1.178,0.992,"[[871, 5], [3, 121]]"
0.3,0.84,0.0,0,0.43,0.992,"[[871, 5], [3, 121]]"
-0.21,-0.84,0.0,0,0.914,0.992,"[[871, 5], [3, 121]]"
0.9,0.62,0.0,0,0.0,0.992,"[[871, 5], [3, 121]]"
0.68,0.84,0.0,0,0.0,0.992,"[[871, 5], [3, 121]]"
0.14,0.94,0.0,0,0.963,0.992,"[[871, 5], [3, 121]]"
-0.17,0.33,0.0,1,1.569,0.992,"[[871, 5], [3, 121]]"
-0.87,-0.4,0.0,0,0.616,0.992,"[[871, 5], [3, 121]]"
0.3,-0.46,0.0,0,0.767,0.992,"[[871, 5], [3, 121]]"
-0.68,0.43,0.0,0,0.591,0.992,"[[871, 5], [3, 121]]"
-0.62,0.02,0.0,0,1.158,0.992,"[[871, 5], [3, 121]]"
0.27,0.97,0.0,0,0.591,0.992,"[[871, 5], [3, 121]]"
0.05,-0.3,1.0,1,1.794,0.992,"[[871, 5], [3, 121]]"
0.17,0.05,1.0,1,2.185,0.992,"[[871, 5], [3, 121]]"
0.24,0.21,1.0,1,1.735,0.992,"[[871, 5], [3, 121]]"
0.02,-0.71,0.0,0,0.919,0.992,"[[871, 5], [3, 121]]"
0.84,-0.84,0.0,0,0.0,0.992,"[[871, 5], [3, 121]]"
0.05,-0.62,0.0,0,0.987,0.992,"[[871, 5], [3, 121]]"
-0.17,0.94,0.0,0,1.056,0.992,"[[871, 5], [3, 121]]"
0.11,0.33,1.0,1,1.691,0.992,"[[871, 5], [3, 121]]"
-0.21,0.75,0.0,0,0.982,0.992,"[[871, 5], [3, 121]]"
0.59,-0.49,0.0,0,0.283,0.992,"[[871, 5], [3, 121]]"
-0.24,0.87,0.0,0,0.953,0.992,"[[871, 5], [3, 121]]"
-0.43,-0.46,0.0,0,0.811,0.992,"[[871, 5], [3, 121]]"
-0.37,-0.87,0.0,0,0.802,0.992,"[[871, 5], [3, 121]]"
-0.05,0.9,0.0,0,1.144,0.992,"[[871, 5], [3, 121]]"
-0.11,-0.21,1.0,1,1.95,0.992,"[[871, 5], [3, 121]]"
-0.75,-0.56,0.0,0,0.694,0.992,"[[871, 5], [3, 121]]"
-0.43,0.43,0.0,0,0.836,0.992,"[[871, 5], [3, 121]]"
-0.21,0.94,0.0,0,1.007,0.992,"[[871, 5], [3, 121]]"
-0.24,0.68,0.0,0,0.958,0.992,"[[871, 5], [3, 121]]"
